0,-1,0,0,0,0
0.0,-1.0,0.0,0.0,0.0,0.0
0.0003225863832694912,-0.9985227078304634,-0.0017046710578884714,0.00029140036336460895,0.00017429416672216957,-6.402147501272458e-05
0.0009667657369790714,-0.9955683459589361,-0.005113543326663294,0.000873880175594432,0.0005223608143705974,-0.00019203820163794615
0.001929588680826749,-0.9911319223418092,-0.010237799074391851,0.0017533369459871878,0.001042667460637926,-0.00038394554061448315
0.0032061522946046006,-0.9852033009942537,-0.01710004626053884,0.002941727185933414,0.0017326707328875282,-0.000639551982407089
0.004789600103114473,-0.9777673095551346,-0.0257339623154449,0.004456809672032003,0.0025888137190380857,-0.0009585619766379741
0.00667112011459883,-0.9688038908245706,-0.03618378622041457,0.006321776582279242,0.0036065210452174154,-0.001340550271077903
0.008839941531411264,-0.958288309227604,-0.04850362447139288,0.008564749208415566,0.004780192034134299,-0.001784928091761104
0.011283330980817612,-0.946191427022121,-0.06275652426369323,0.011218106672335094,0.006103192430112073,-0.0022909016585506005
0.01398658950117078,-0.9324800686449319,-0.07901325574124882,0.014317608335157012,0.007567845397939893,-0.0028574237734950163
0.01693305212039529,-0.9171174945101844,-0.09735073543254837,0.01790126406035524,0.009165422845189715,-0.003483139567576614
0.020104092733149597,-0.9000640072216477,-0.11785001678575405,0.02200790231841869,0.01088613861256228,-0.004166327969145392
0.02347913815534418,-0.8812777126156557,-0.14059377362545722,0.026675386000833568,0.012719145745965117,-0.004904841082344726
0.027035696700557194,-0.8607154540837526,-0.16566321190018563,0.03193843202784883,0.014652540905392801,-0.005696044438034486
0.030749408290591848,-0.8383339297720219,-0.19313436848958224,0.037826006109579154,0.016673379932274322,-0.006536761974437439
0.034594124761466,-0.8140909870661769,-0.2230737973594767,0.04435829109104234,0.018767709570413942,-0.007423230542165078
0.03854203026391529,-0.7879470662740351,-0.25553370602392117,0.0515432681014328,0.020920621100914555,-0.00835106956260776
0.042563811902815996,-0.7598667358365147,-0.29054668889160423,0.05937300405973746,0.02311633188546202,-0.009315271975339797
0.046628889289594626,-0.7298202270503945,-0.32812030271023757,0.06781980310170077,0.025338300107037658,-0.010310222496738741
0.05070570777995796,-0.6977848423450989,-0.36823182911915686,0.07683244425745475,0.027569375939721873,-0.011329748166324809
0.05476209339885722,-0.6637460857909409,-0.41082364799108345,0.08633277894788417,0.029791988701411573,-0.01236720394287707
0.0587656580092675,-0.6276983577766079,-0.45579967499641455,0.09621298187597482,0.031988364319285874,-0.01341559270057967
0.06268423229078994,-0.589645076877014,-0.503023271766101,0.1063337213053451,0.03414076126159241,-0.014467714672575448
0.06648629367620583,-0.5495981452419778,-0.5523169040403832,0.11652343146543807,0.03623170711596962,-0.01551633688546412
0.07014134926956861,-0.5075767553109992,-0.6034636122349842,0.12657873764055502,0.03824421374019524,-0.01655436939541936
0.07362023242773333,-0.46360563157758994,-0.6562101067174311,0.13626592722360978,0.04016194779786455,-0.01757503315682636
0.07689527738208045,-0.4177128910261002,-0.7102710628588669,0.1453232136860679,0.04196933628399849,-0.018572004759026203
0.07994034834627965,-0.3699277692060554,-0.7653340260761833,0.1534634417929562,0.04365159305525264,-0.019539526052181025
0.08273071549668114,-0.3202784826594741,-0.8210642825968771,0.1603768557065236,0.04519466107957301,-0.02047247116463548
0.08524278656198435,-0.26879048171415665,-0.8771091127822292,0.16573360019398786,0.04658507421383232,-0.02136636846304659
0.08745371636625193,-0.21548530121310128,-0.9331009938311201,0.1691857320140409,0.04780975003742744,-0.022217379457936254
0.08934092573081466,-0.16038015765762198,-0.988659512380784,0.17036865499535023,0.04885573056471946,-0.02302223968415662
0.09088156557765685,-0.10348838620726986,-1.043391939217537,0.16890202919325473,0.0497098904272177,-0.02377816788252224
0.09205196323097033,-0.044820771218035446,-1.0968925754570116,0.16439032073300305,0.050358633054620995,-0.024482749552689427
0.09282708786477596,0.015612196665559533,-1.1487410877664157,0.15642324444051234,0.050787595622316065,-0.025133799619795307
0.09318007291994146,0.07779710807872062,-1.1985001105681787,0.14457640509730446,0.05098138425244517,-0.02572920714585529
0.09308183680326625,0.1417134330440184,-1.2457124157025858,0.12841246879921447,0.05092336311287768,-0.026266763279986442
0.0925008502740214,0.20732828941389306,-1.2898979471062582,0.10748319748777621,0.05059552523096781,-0.026743972461253093
0.09140310974566813,0.2745901438195951,-1.330550999907457,0.08133265878607697,0.049978479124877115,-0.02715784668736763
0.08975238932036099,0.3434214269395124,-1.367137796012482,0.0495018776774041,0.04905159323680593,-0.02750468384582643
0.08751085826451853,0.41371008986521374,-1.3990946735566034,0.011535120812189353,0.047793348250819954,-0.027779834076012637
0.08464016020455384,0.48530020565233617,-1.4258270639851458,-0.033012109359359096,0.04618195307240998,-0.02797746325776061
0.0811030480374138,0.5579818351838315,-1.4467093743441486,-0.08456345308684851,0.044196279226236826,-0.02809033020911339
0.0768656435060299,0.6314805317747257,-1.46108581855027,-0.14351073978754825,0.04181715441136332,-0.028109603857448963
0.07190032905826432,0.7054470518726035,-1.4682721433015489,-0.21020226853112967,0.03902902109361972,-0.028024757729168324
0.06618916925922387,0.7794480579165111,-1.4675580619283346,-0.28493121757842904,0.035821902843857396,-0.027823589959113184
0.059727595496763326,0.8529588165085479,-1.4582100269173686,-0.36792545860280235,0.03219352701978147,-0.02749242520551934
0.0525278880060708,0.9253590593681605,-1.4394737152578685,-0.45934046346833146,0.028151336833148206,-0.027016557450275928
0.044621805396645335,0.9959332047933167,-1.410575241683402,-0.5592573914422249,0.023714018565103537,-0.02638098695541988
0.03606163580678854,1.063875926771312,-1.3707196345059,-0.6676887518213283,0.018912123559159683,-0.025571488981234333
0.026919087290856444,1.1283035049525412,-1.3190845280906194,-0.7845941278918394,0.013787444237524302,-0.024576026667676092
0.017281875690614325,1.1882704592995954,-1.2548064513503234,-0.9099081711815764,0.008391053895649002,-0.023386490088901247
0.007248579337830482,1.242789803869474,-1.1769567734901525,-1.0435822830942536,0.0027803261687028534,-0.022000720196540823
-0.0030768550096533995,1.290854252416722,-1.08450480592446,-1.1856399521554626,-0.0029842850037370304,-0.02042478689967816
-0.01358891518173526,1.331455665485116,-0.9762678050585369,-1.336243285962921,-0.008841554464711108,-0.018675582846978903
-0.024180399674176553,1.3636023780207296,-0.8508542406934956,-1.4957636673142292,-0.014729633333023894,-0.01678404286509994
-0.03473694079261555,1.3863417426885227,-0.7066245061937484,-1.6648387346697968,-0.020583258917639857,-0.014799813610629335
-0.045128618048043925,1.3988152692363545,-0.5417401931565017,-1.8443700139258377,-0.02632942413837058,-0.012799148754095603
-0.05521591938404772,1.400422453229166,-0.3544916918100096,-2.0353443700652374,-0.03189107057236247,-0.010899393215217539
-0.06493744960860276,1.3912736033067112,-0.1443534944944723,-2.238207026523662,-0.03723575325975291,-0.009285229122502533
-0.07467277969525539,1.3732399871055117,0.08546552715239852,-2.4513328099014453,-0.04257454908633969,-0.008248887226250171
-0.08613279901814383,1.3515734091264016,0.3240657413701674,-2.6687003234092215,-0.04884715374244701,-0.00821679851401652
-0.10296369330629744,1.3349765542952778,0.5527201211658179,-2.879970488759727,-0.05804835729673787,-0.009657489375314167
-0.12825241628921652,1.3309776540698182,0.7558174572846603,-3.077020715676424,-0.07187323109907023,-0.012834051399432013
-0.16109114159179433,1.3418341754490626,0.9297526136070204,-3.258697689679266,-0.08985687323949466,-0.017735094347838536
-0.19810283960402703,1.3665655020040473,1.0775695126524165,-3.427287292840477,-0.11019437387716244,-0.024221381585129313
-0.23629734338941508,1.403637261458179,1.2028774503093471,-3.585039013754035,-0.13127881972056274,-0.03208817921154788
-0.273893707453892,1.4517333076488204,1.3082469689247336,-3.7333413765358268,-0.15214742428009512,-0.04109689778799841
-0.310007215966054,1.509721229806142,1.3953147854286507,-3.872808381756798,-0.17231622980105282,-0.05100855257431573
-0.34420592016856705,1.5765089157806258,1.4651161851966998,-4.003478605623467,-0.19154207673935975,-0.06159631976695564
-0.37622886301962843,1.6509544691089768,1.518343245887738,-4.124988223990013,-0.2096700506387373,-0.07264270312041624
-0.405860878615333,1.7318387480473667,1.5555212563863394,-4.236721116008905,-0.22656521776154617,-0.0839355307728712
-0.43290640438489175,1.8178858232488642,1.57712686081535,-4.337946269645534,-0.24209875743987386,-0.09527063009692639
-0.4572125377696272,1.9078148334858762,1.583661660678539,-4.4279411376632245,-0.25616208263590473,-0.10646185961607042
-0.4787037937689756,2.000405758159027,1.5756886017507301,-4.506092143902974,-0.2686883424629024,-0.11735432554963378
-0.4974036438431085,2.094562272311326,1.5538382105181858,-4.571963504409758,-0.27966694558050836,-0.1278348869952516
-0.5134328798434445,2.1893592454022293,1.5187934224659554,-4.6253309049431355,-0.289144786027318,-0.13783572332551522
-0.5269883357004141,2.2840693842411106,1.4712619884499611,-4.666183097030093,-0.29721559503775696,-0.14733033644521232
-0.5383123673347255,2.378169888817056,1.4119436532007408,-4.6946987204747535,-0.3040031262753294,-0.15632440513266807
-0.5476630767548782,2.471333691044353,1.3414967843906054,-4.711206903708661,-0.30964400057879365,-0.16484492449995897
-0.5552910476216809,2.5634108408988294,1.2605072249551699,-4.716139562207789,-0.31427379327131555,-0.17293033558115273
-0.5614240813837648,2.6544049309160225,1.1694612741283912,-4.709982069750707,-0.3180174929445453,-0.1806229939618921
-0.5662588139024893,2.7444480347468576,1.068724750030031,-4.6932278003960315,-0.3209838771977434,-0.18796420312158937
-0.5699571356517891,2.833775866523347,0.9585310699183844,-4.666341319231556,-0.3232627057616261,-0.19499143249432624
-0.5726453793473094,2.922702681142125,0.8389837813357488,-4.629735281804494,-0.3249235839149719,-0.20173717169163674
-0.5744147058355409,3.011592444946662,0.7100842494891961,-4.583768301234653,-0.3260155772503102,-0.2082289647495738
-0.5753217444232299,3.1008183978099964,0.5718050306009517,-4.528776360188336,-0.32656700711323494,-0.21449038535218148
-0.5753893623140207,3.1906969816595243,0.42424466021114837,-4.465159345949153,-0.3265853506972926,-0.22054297240473966
-0.574608734505411,3.281376579980371,0.26791356567947605,-4.393552889658865,-0.3260579996156829,-0.22640933711831682
-0.5729459217592361,3.372668529071623,0.10418094022976898,-4.315103568974936,-0.32495598049953694,-0.23211745966860328
-0.5703579305982038,3.4638579484431413,-0.06422406412329382,-4.231780907950832,-0.32324397725599613,-0.23770490247097628
-0.5668199210683108,3.5536481272872646,-0.2330778349149191,-4.146463319707299,-0.32089795781673675,-0.2432189488607794
-0.5623510336963026,3.6404564565893462,-0.39748497414523043,-4.0624270428440425,-0.3179223994436691,-0.24870785691262812
-0.5570142673722034,3.72300584771034,-0.5534973022911694,-3.982333398126286,-0.31435081588269154,-0.25420615853944917
-0.5508865899452425,3.800731241654904,-0.6992162985801481,-3.907532960824967,-0.31022649593771,-0.25972667304277863
-0.5440276441247957,3.8737114852151695,-0.8345933998445797,-3.83818422096899,-0.30558179476682756,-0.2652649601463284
-0.536467235593904,3.9423691343466425,-0.9605942209073308,-3.7737765246909025,-0.30042949706793176,-0.2708085135985684
-0.5282069248416114,4.007227484230564,-1.0785185837933562,-3.7135609561045073,-0.2947634656258951,-0.27634338982754375
-0.5192256031552177,4.068789046291943,-1.1896537896331416,-3.656774226989301,-0.2885620000032451,-0.2818572877348457
-0.5094842333674372,4.127493177961987,-1.2951468179631318,-3.6027247615958755,-0.28179070844436516,-0.28734056503100736
-0.4989287956572698,4.183709997817714,-1.3959783775752503,-3.5508136600279356,-0.2744042230686605,-0.2927864257096556
-0.48749172620642844,4.237747527125559,-1.492975233472287,-3.500530511411103,-0.266346921124212,-0.29819089874721544
-0.47509229290494853,4.289862199541443,-1.5868331691028745,-3.4514417153447132,-0.2575529283675263,-0.3035528672897747
-0.46163625041811496,4.340269140642287,-1.6781401026537164,-3.4031782077293515,-0.2479456198681551,-0.30887425271530383
-0.4470150122134169,4.389151204948493,-1.7673960239013766,-3.3554249561435143,-0.2374367688020356,-0.3141604044837824
-0.4311045219143067,4.436666733126587,-1.85502913640994,-3.3079128447431816,-0.22592546164090505,-0.319420736288541
-0.4137640060930381,4.482956317720338,-1.9414085004263832,-3.260412974703672,-0.21329690422530762,-0.32466965606539466
-0.394834850311134,4.528148942703971,-2.0268536849480365,-3.212733261701669,-0.199421293370719,-0.3299278509483634
-0.374139976906812,4.572367843003345,-2.111641902768748,-3.164717221744388,-0.18415303800519822,-0.33522400189780294
-0.35148435061828887,4.61573635876985,-2.1960129988355237,-3.1162448659881505,-0.16733081084019127,-0.34059700866154413
-0.3266576493535858,4.6583839248885255,-2.280172564920325,-3.067235588458968,-0.14877924035651888,-0.34609878907854497
-0.29944077709606615,4.70045209139121,-2.364293405302361,-3.0176527377121785,-0.12831356905333882,-0.351797647543273
-0.2696188052049295,4.742100039477739,-2.448515623550978,-2.9675090948684995,-0.10574934793330126,-0.35778202893884514
-0.2370040131188859,4.783508364688956,-2.5329458020295696,-2.91687159872716,-0.08092014791364179,-0.3641640905423243
-0.2014734631706453,4.824878960540362,-2.6176561774798044,-2.86586230736451,-0.053706971202732205,-0.37108180603002483
-0.16302461193093543,4.866427986366633,-2.7026854045590376,-2.8146510690346567,-0.024082462462154213,-0.37869718280580816
-0.12184716272981105,4.908369134215986,-2.7880432566771405,-2.763434858884423,0.007830995941740176,-0.3871868710295911
-0.07839665636108606,4.950887434786685,-2.8737217627082887,-2.7124015741399212,0.04170022852485841,-0.39672107443442534
-0.033436479420067805,4.994110760133975,-2.959713583905771,-2.661684539415703,0.07694345268358933,-0.4074295303019395
0.01199624795313635,5.03809398786377,-3.0460341033035956,-2.6113258235287677,0.11275184366038138,-0.4193613442880373
0.056724658209751797,5.082830534498019,-3.1327387768663892,-2.5612708791905976,0.1481914594002371,-0.4324555794763001
0.0996317425095494,5.128291071594532,-3.2199273010570892,-2.5114022724987346,0.18236076697968995,-0.4465411990862963
0.13984084896196666,5.174469580075439,-3.3077340881408346,-2.4615933674035295,0.21453723821532275,-0.461370589251355
0.1768045275292634,5.221412523713775,-3.396314033469696,-2.4117496217113126,0.24425367084435823,-0.4766705771311067
0.2102920414402024,5.269221508271477,-3.4858340952961924,-2.361818154358758,0.2712938578681367,-0.49218785991617653
0.24031617935216246,5.31803676798333,-3.5764746960629483,-2.3117691399082636,0.2956381939371695,-0.5077155503902172
0.26704645792450055,5.368014990429136,-3.6684381609096572,-2.261565076001928,0.3173964250988098,-0.5231009541049002
0.2907363553597397,5.419311598214262,-3.7619592509818096,-2.211132658584062,0.336750104281928,-0.5382413876649804
0.3116724712052622,5.472071544358571,-3.8573143976964546,-2.1603445289114167,0.3539117139297584,-0.5530748715054947
0.33014305357246626,5.526428257584172,-3.9548287169065235,-2.1090113957721326,0.36909889534128587,-0.5675700127754206
0.34642038042989887,5.582508459470193,-4.054881632514393,-2.0568814275006053,0.38251965231859447,-0.5817170765043049
0.360751993538325,5.640440443375827,-4.157912695595696,-2.0036429246385143,0.3943646592441027,-0.5955208511635098
0.3733571831369613,5.70036410838696,-4.264429307962392,-1.9489268559439086,0.40480384163281247,-0.6089952605365319
0.3844263730931955,5.76244193044942,-4.375017976381715,-1.8923068087565276,0.4139853580877351,-0.6221594315046748
0.39412192909270843,5.826870827267725,-4.490360722074234,-1.833294686272598,0.4220357914253686,-0.6350348735205423
0.4025794536413309,5.893895470900883,-4.611258490148177,-1.7713308745868261,0.42906077922840397,-0.6476434423279738
0.40990893347381024,5.963824069608377,-4.7386638878740435,-1.705767606474112,0.43514554754118845,-0.6600057908744373
0.41619523328197255,6.037048037683725,-4.873726281780179,-1.6358439788704537,0.4403549041703504,-0.6721400236959264
0.4214974110997482,6.1140672768040005,-5.017852943516998,-1.5606507869062218,0.44473221684633313,-0.6840602420109857
0.42584615214414273,6.195522718198646,-5.172789626854153,-1.4790836895168162,0.4482967293082719,-0.6957745590419757
0.4292382275523069,6.2822362437413934,-5.34071965790419,-1.3897862319476277,0.4510382033132655,-0.707281911388019
0.4316262191419381,6.375251663394739,-5.524362904849801,-1.2910960220316747,0.4529072524468172,-0.7185664677338012
0.43290093235801796,6.475848697652761,-5.726996728348763,-1.1810458823329197,0.4537989516510833,-0.7295874623638451
0.4328642152778015,6.585436545052639,-5.952143550712993,-1.0575855624324908,0.4535274939621239,-0.7402609373088683
0.4311973948077686,6.705068112617926,-6.202221789154639,-0.9194729185326194,0.4517963430963178,-0.7504305115455476
0.4274637645678222,6.834082514409564,-6.474828508939121,-0.7686680810022969,0.44819857441317534,-0.7598393796522787
0.4212481203062651,6.967980231272411,-6.756949865123756,-0.6139807860621503,0.44234220895981374,-0.7681728917642108
0.41243179966519056,7.099015447098884,-7.0265422298879905,-0.46990274536975174,0.4341036312117632,-0.7752659031771124
0.40115478133288984,7.222244639117952,-7.268851583505988,-0.3461522046760769,0.42360066414313985,-0.78125626507924
0.3874151132220605,7.33794736894283,-7.482954290691399,-0.2436925978519342,0.4108279060674577,-0.786391364259212
0.370915455026051,7.448414526972093,-7.673162330277146,-0.16030128958598003,0.3955114147614919,-0.7908432782033357
0.35110419409949645,7.555941565365897,-7.843635869197684,-0.09397944511843617,0.3771432347687515,-0.7946993385381341
0.32721110651196933,7.662443686051029,-7.997326237145661,-0.043602676642635035,0.3550128865915275,-0.7979986703664721
0.2982792649939297,7.769502507540711,-8.136092555436068,-0.008832107355745654,0.3282359256194711,-0.8007687976755972
0.26326168603283406,7.878437836056541,-8.260942343828079,0.010066709633047222,0.295842065260556,-0.8030688588709958
0.22129321046531805,7.990309053911375,-8.372206755857137,0.012406662801436133,0.2570247164893008,-0.8050517143644533
0.17227058958249486,8.105810368440569,-8.46965980062388,-0.002688968157393192,0.2116752241583475,-0.8070423214783976
0.11771174785996139,8.225065729336778,-8.552659347895265,-0.035935658180325195,0.1611767874473655,-0.8095797450592349
0.06128821857686868,8.34746008211753,-8.620424343883514,-0.08744812172942915,0.10890126770646993,-0.8133015904181269
0.007942146573647058,8.471766317250996,-8.672448857595358,-0.15647459857267146,0.059403285182270456,-0.8186241124515431
-0.038287530623799616,8.596578352624068,-8.708774851276502,-0.2415759305033832,0.01641886426508135,-0.8254858138672273
-0.07568655581380614,8.720649795522394,-8.729890920472506,-0.3410619438580973,-0.018451304535920546,-0.8334560650491523
-0.10451510721888953,8.84292136779618,-8.736454952850387,-0.45327988274489467,-0.0454274174239541,-0.8420333741497521
-0.12596389739456224,8.962405554330076,-8.729111111032903,-0.5766691146726194,-0.06559240903268021,-0.8508234107519439
-0.14141126420778777,9.078093177610434,-8.708435812952176,-0.7097132967003308,-0.08020741941062462,-0.8595660150824287
-0.1521088881707979,9.18891487235605,-8.674947283661956,-0.8508845288466053,-0.09042105970117695,-0.868105832111126
-0.15911151516098224,9.29374274852233,-8.629132509975483,-0.9986099515867108,-0.09720365692479337,-0.8763622648000247
-0.16330099270776707,9.391419544982964,-8.571471593678476,-1.1512694954771843,-0.1013687754779382,-0.8843106821922238
-0.16543039703926932,9.480809010847421,-8.502450912020201,-1.3072291546255612,-0.10361346023096625,-0.891971059382751
-0.1661569452504268,9.56086115606954,-8.422561218127692,-1.464908816848961,-0.10454812472329963,-0.8993984512070543
-0.1660525089753012,9.630681703385571,-8.332280144024532,-1.622874756175269,-0.10470561157205649,-0.9066720774225595
-0.1655931827564302,9.689591081543092,-8.232041105402484,-1.7799387846165757,-0.1045307418664041,-0.9138828038429014
-0.16513987357647306,9.737158073726988,-8.122191462185981,-1.9352438193553274,-0.10436154003078718,-0.9211210049624534
-0.1649265599428226,9.773198017665825,-8.002942133496667,-2.088320906557441,-0.1044177395519419,-0.9284673854160207
-0.1650672414272387,9.797734017938858,-7.874310017944997,-2.239113015932061,-0.10480691712804588,-0.9359883654733662
-0.1655803668414512,9.810928572501606,-7.73605401481411,-2.387971706594633,-0.10554712971544382,-0.9437360610758747
-0.1664204587826671,9.812998346679118,-7.587604340375569,-2.5356401987166226,-0.10659640521361653,-0.9517518131485204
-0.16750599731021043,9.804124905598956,-7.427983345047204,-2.6832382799176453,-0.10787880431951857,-0.9600720750056856
-0.16873734558117004,9.784371511293775,-7.255717649455292,-2.832259843424167,-0.10930118655472035,-0.9687360191786826
-0.17000306049339672,9.753616830354355,-7.068755407027313,-2.9845798897062026,-0.1107590842116129,-0.9777950755995602
-0.17117460017760594,9.711531843676621,-6.864452883523032,-3.142432106395661,-0.11213164065930033,-0.9873254091864556
-0.172088697839438,9.657680534408655,-6.639843941513441,-3.308223082938008,-0.1132648386843573,-0.9974442546219938
-0.17251716900615938,9.59196211460444,-6.392775383278043,-3.4838215492967257,-0.113942648341566,-1.008326589428482
-0.17213834317368915,9.515800461341511,-6.1250045091776295,-3.6686556402317048,-0.11385926330917442,-1.020199222995194
-0.17057690929098218,9.434008455469854,-5.847111049386036,-3.8567597916761596,-0.11265553387450931,-1.0332491060062925
-0.167599843540024,9.354508885348032,-5.577795982772055,-4.037400703613836,-0.11010380185808968,-1.047428411089729
-0.1632713245445181,9.283208132520368,-5.330505127735678,-4.203366200549555,-0.10625657621315317,-1.0624210918339339
-0.15777838299885227,9.221204639189057,-5.10639378204688,-4.3549489795253145,-0.10128384435522808,-1.0778937159012913
-0.15124228217480892,9.167343037948461,-4.901133339809121,-4.495546591305208,-0.09529440119742227,-1.0936346427859516
-0.14370142321021817,9.120261569320515,-4.710109699078505,-4.628538512033772,-0.0883188403021996,-1.109525686609625
-0.1351449398381965,9.078918635847264,-4.529631963339009,-4.75665035924497,-0.08034099495651491,-1.1254974745858373
-0.12554269411749963,9.042610873053393,-4.356876940612258,-4.882054186499982,-0.07132640966687143,-1.141503937058213
-0.11487074782056472,9.010901528496603,-4.1896488626484985,-5.006551130484788,-0.06124689954071984,-1.1575089347718484
-0.10313792294919728,8.983549126579055,-4.026179610765301,-5.131708068512895,-0.050106551545885905,-1.17347820098462
-0.09041623743643565,8.960441527725202,-3.864992414306417,-5.258933983800718,-0.037971854490252074,-1.189373072001969
-0.07687285665851083,8.941520024594254,-3.704820067089651,-5.389491298623748,-0.025003639351440277,-1.205144310595494
-0.06279324991266799,8.926670326767107,-3.5445714116530227,-5.524425772878935,-0.011480645043154953,-1.2207255708277571
-0.048575680194440224,8.915555668050871,-3.3833457653489134,-5.664389632962167,0.0022050519776465292,-1.2360277096940457
-0.034673475401393185,8.907386012306791,-3.2204909908799197,-5.809353007612416,0.015604384551087275,-1.250937835352805
-0.021478163614610524,8.900684248554862,-3.055672412010633,-5.9582914851764786,0.028326816361882227,-1.265329792800978
-0.009181065082697911,8.893223254119475,-2.8888677206274527,-6.109103616140952,0.04017825984496233,-1.2790911667602678
0.002306597037927162,8.882337433560519,-2.7201926850886298,-6.259063144439282,0.0512418918387027,-1.2921596688170107
0.013319778393531944,8.865561906460913,-2.5495864737601077,-6.405752008167828,0.06184614834545215,-1.3045455077487889
0.024330731856028458,8.841188913224933,-2.3765455753269844,-6.547893025694476,0.07245753229847315,-1.3163209063996493
0.035855743072652616,8.808381628538445,-2.2000455332404827,-6.685574585058461,0.0835880387256225,-1.3275864266512378
0.04842401609580349,8.76690750250115,-2.0185933953426556,-6.81996245637812,0.09576391493551108,-1.3384392630633188
0.06259941883303077,8.716768066362564,-1.8302771620650016,-6.952896518365178,0.10954698642637804,-1.3489566770197052
0.07903523827880996,8.657896935261215,-1.6327315633398511,-7.086626928658242,0.12558900676002657,-1.3591923660167733
0.09855677716430063,8.589945900423372,-1.4229913891170205,-7.223744942927801,0.14471393616195644,-1.3691792061689634
0.12228328499793484,8.512111050378287,-1.1972100966731074,-7.36728711340118,0.16803961605276393,-1.378934048173247
0.15181557684516647,8.422941401758017,-0.9502041437390465,-7.520996531486745,0.19716514901746077,-1.388463444774918
0.18952577005032212,8.320093310235647,-0.6747945778252964,-7.689731729155067,0.23446039270230823,-1.3977724087175862
0.2389458263604577,8.20011010086519,-0.36116863244696634,-7.879873112305431,0.28345435352056986,-1.4068842570026994
0.30488148619884947,8.058935974075915,0.0019711901600337756,-8.098642178484898,0.3489497467339467,-1.415895462741187
0.3909238268767347,7.89656526492642,0.4160128511432571,-8.347196056469427,0.43453893633676866,-1.425113634220224
0.48828557718729837,7.7316912038098495,0.8365285714329472,-8.599089271086338,0.5314533116961683,-1.4351506456196386
0.573013791473146,7.594894787707344,1.1915732311266582,-8.81233088815004,0.6157711696020411,-1.4461353885567902
0.6389902716402773,7.486015079206739,1.484391389463385,-8.990326504446758,0.6813765145167155,-1.457395062758601
0.6912960686463117,7.395985552229524,1.7380826849409239,-9.147456712248594,0.733338330950909,-1.4685707472623746
0.7341924137974235,7.3194680769306055,1.966465306631173,-9.292367311324536,0.7759085027922703,-1.4795701898842963
0.7704374754058755,7.253602872535933,2.1775917303581136,-9.430326616272122,0.8118391509388715,-1.490388890246986
0.8018421528176994,7.196835892860836,2.376604812943313,-9.564951817702845,0.84293722321772,-1.5010510130473682
0.8296696159304697,7.148308505355728,2.567079447871058,-9.698956995224194,0.8704631940010342,-1.5115909784814574
0.8548777350475939,7.107469891537159,2.751644950526309,-9.834395653877404,0.8953729671984041,-1.5220460328216006
0.8782653375728543,7.073729461218919,2.9322472019605494,-9.972582618882086,0.9184637481330199,-1.532449503201861
0.9005418329001882,7.046093056285024,3.1102149819782983,-10.113809584778258,0.9404433134643073,-1.542820413504395
0.9223029051365934,7.0228823536566996,3.286271208241379,-10.25709697134568,0.9619053711704599,-1.553150482190407
0.9439032815259519,7.001782703510014,3.4606600633332754,-10.400390873685966,0.9832021887622697,-1.5633980771819187
0.9653113233583343,6.980344287886201,3.6334696596395046,-10.541392358418827,1.004299514591719,-1.5735018366628508
0.9861175410352472,6.956616444153089,3.804989480347758,-10.678530392312782,1.0247858826788883,-1.5834103944375137
1.0057527632465708,6.929429585095964,3.9758757648557252,-10.811381973590409,1.0440914821449605,-1.5931044582860214
1.0237490186248075,6.89825411729863,4.147116651664004,-10.94048022111256,1.0617491119321922,-1.6025961676578784
1.0398672034509375,6.8629072456435924,4.319939378937445,-11.066926257608458,1.077521376693899,-1.6119144566110981
1.0540812795267145,6.823312888057169,4.49575696459541,-11.192100394119032,1.0913843152211204,-1.6210909589186888
1.0665011409232708,6.779354610555186,4.676174681775364,-11.317527427145404,1.1034498946283866,-1.630152212649215
1.077297764275344,6.730791298696147,4.863047476138511,-11.444855239893833,1.1138910274743292,-1.6391169939253163
1.0866515657920917,6.677202103793662,5.058578606662021,-11.575903841711082,1.122889975059364,-1.6479960976558647
1.0947212728707312,6.617941765293817,5.265450021945384,-11.712757655674544,1.130607400299502,-1.6567926366134662
1.101623860748496,6.552107382526319,5.4869541109064315,-11.857873774159728,1.137162637105948,-1.6655017465925168
1.1074157881889926,6.478559003130075,5.72700686439012,-12.014131873672621,1.1426155096493857,-1.674108933640078
1.1120670144514597,6.3961514460107125,5.989628534152813,-12.184573754449195,1.1469413752646564,-1.6825864477048698
1.1154273547267664,6.304623326823599,6.2767129993912745,-12.371098751090562,1.149999053374221,-1.6908884591654276
1.1172290734355685,6.20687867301166,6.582121440393212,-12.570844582854054,1.1515343683799635,-1.698953659297769
1.117270472568152,6.111480007758745,6.885211921163044,-12.772041212992578,1.1513589442037069,-1.70674103968812
1.1157493540125634,6.028512294981935,7.161875985052008,-12.960573431294508,1.1496713724726668,-1.7142907028675407
1.1131448340530077,5.961434913358691,7.405715314001305,-13.1330926907566,1.146939274653364,-1.721696641769125
1.1098346949667708,5.908966640462437,7.622544573656251,-13.293794206781211,1.1435294163774377,-1.7290281242798926
1.106050040944572,5.869361254894685,7.819187369734646,-13.447566498512463,1.139665751968664,-1.7363169218582182
1.1019569929015092,5.841526728566301,8.000752883236393,-13.598326166428787,1.1355091958865098,-1.7435695839092566
1.0977154251052492,5.825003228441076,8.170814585965248,-13.749129381215518,1.1312145527814144,-1.7507747293978295
1.0935143832575625,5.819793823092483,8.331881153115898,-13.902449323356263,1.126964696376027,-1.7579055870068414
1.089593005687748,5.826212079079426,8.48573974788605,-14.06035260342605,1.1229906423467626,-1.7649213723577386
1.0862445848810924,5.844740739099445,8.633673347363358,-14.224564119470944,1.1195752627491429,-1.7717710016786001
1.0837930632416888,5.875874494349213,8.776596611077151,-14.396434957014677,1.1170303322637665,-1.7784029161870436
1.0825318931974905,5.919926853644433,8.915144958256494,-14.57682741371101,1.1156372543312945,-1.7847836232006367
1.0826335011680708,5.976801940237961,9.049741028646558,-14.765944112983393,1.115559543724632,-1.790922270214671
1.0840704655621054,6.045767537901635,9.18065782086816,-14.963161726382785,1.1167668741873147,-1.796889745521663
1.0866043513564356,6.1253049661109635,9.30809691555227,-15.166969579086981,1.1190247273935732,-1.8028167565720628
1.0898608185109178,6.213123055836931,9.432293681553688,-15.375115018762497,1.1219675260612292,-1.808865465619998
1.0934473194806598,6.306373800480163,9.553636783702098,-15.58497411986324,1.1252129188661775,-1.8151875855621726
1.0970497904119385,6.4020054036208425,9.67275729910198,-15.794024412787618,1.1284556281617455,-1.821889818616279
1.1004784049082266,6.497111541928025,9.790541839535065,-16.000220243778568,1.1315117712267497,-1.829018598813639
1.1036710111134265,6.589158928611622,9.908067618506735,-16.202149155627115,1.1343218828603625,-1.8365621373191516
1.1066739569434363,6.676070290510841,10.026502458298493,-16.3989973204706,1.1369317364892402,-1.8444613771492442
1.1096110890960247,6.756212064002275,10.147018210022523,-16.59043081138796,1.1394616025025595,-1.8526238468187635
1.1126426802006852,6.828344868240907,10.270741815423559,-16.77647988904019,1.142065971771657,-1.8609390262966552
1.1159181777204463,6.891568778022831,10.39874519523603,-16.95746083768514,1.1448878345680538,-1.8692950346094976
1.1195363451828717,6.945269949067267,10.53206667573906,-17.133934681334075,1.148020702620641,-1.8775938950885929
1.1235287763986344,6.989063301852371,10.671757709837655,-17.306691169996967,1.1514934875268708,-1.8857607098953721
1.1278701454530187,7.022726162542049,10.818950985072851,-17.476748774471776,1.1552809934147903,-1.893744418514441
1.132503037962877,7.046122978433315,10.974947649235478,-17.64536797196237,1.1593280422720196,-1.9015122830095366
1.1373617902986235,7.059124656925067,11.141324395847416,-17.814081485067195,1.163572312012031,-1.9090422608381947
1.1423869146274739,7.061525819170606,11.320065187638832,-17.984749254314995,1.1679580326957166,-1.9163162208836666
1.14752899426296,7.052962582413995,11.51372239344348,-18.15964592883022,1.1724397193211693,-1.9233149540139642
1.1527429722425582,7.0328396675250175,11.725594493535775,-18.341578281171387,1.1769770817648137,-1.930014948562337
1.1579705264521862,7.000306487412181,11.959828839470642,-18.533983692290647,1.1815193232557486,-1.9363874359181215
1.1630996377092468,6.954431075613363,12.221077132705796,-18.740790546873075,1.185969312738091,-1.9424030976062636
1.1678763288873195,6.895043191572433,12.51248452596494,-18.965291419911395,1.1901054374856486,-1.9480540198928669
1.1717525500079289,6.825273393380372,12.829296613010378,-19.206294360853132,1.193446505834158,-1.9534182537024467
1.1738485020350635,6.755439001889272,13.148890516394761,-19.45183642987929,1.195216554366049,-1.9587588209115494
1.1735289986845467,6.699782293156466,13.43929594501822,-19.68400021855184,1.1948526152742427,-1.9644497141104746
1.170942033711437,6.6645467433804235,13.689444627487006,-19.897354966892077,1.1924824990299485,-1.9706858457792362
1.166453530371825,6.648886177486274,13.90554834974525,-20.096799556177814,1.1884269926100637,-1.9774992727108862
1.1602541195377172,6.650984594749671,14.095247183699241,-20.287900768215863,1.182852188156537,-1.984906529166727
1.15236792075632,6.66964541786171,14.263872567600048,-20.474637352367644,1.1757768726182947,-1.992952050820322
1.142695553723775,6.704210633807922,14.41476921917867,-20.6595773895033,1.1671103349722278,-2.001716249563303
1.1310208960529269,6.754286035633833,14.549925852057195,-20.844205987306655,1.1566582534465184,-2.011324018144126
1.1169873927381853,6.819506306674305,14.670418013744499,-21.029121952326,1.1441018365390807,-2.0219590138055774
1.1000537583312568,6.899358734428778,14.776697383678506,-21.214149284622376,1.128959070549059,-2.0338822657566076
1.079437451144243,6.993070544430515,14.868791743103301,-21.39842977056423,1.1105357212851024,-2.047452133228729
1.054052613529793,7.099570508166729,14.946452294713517,-21.58054125759989,1.0878722993621608,-2.0631427316894966
1.0224533882771318,7.217528701454502,15.009258625256626,-21.75865165378009,1.0596969750619918,-2.081555887913369
0.9828209378068476,7.345453140023793,15.056674151373628,-21.930675815499836,1.0244187332461712,-2.1034093103609544
0.9331152362995354,7.481780098036218,15.088044374109302,-22.09436378539753,0.980267975436752,-2.1294475615169017
0.8716901857318369,7.624840327594538,15.102561461023482,-22.247235341136648,0.925846629672833,-2.160150667022625
0.7988528204467633,7.77255004768545,15.099299580940176,-22.386336914240474,0.8615033144573122,-2.1950625381046738
0.7192692565199057,7.921869974298188,15.077519393830954,-22.508077625213577,0.7914251320461998,-2.231870338999779
0.642456223026279,8.068807733981343,15.037288541033718,-22.608894280424906,0.7240000185706159,-2.2664968534482552
0.5777122438764126,8.209822670928357,14.979862447348717,-22.68689781367353,0.6673131139956522,-2.295492408334173
0.5284145890563399,8.34318413460404,14.90720368718361,-22.742532254991907,0.6242029591932527,-2.3181476971511064
0.4928296977349784,8.468695708601462,14.821172329025426,-22.777469306764182,0.5930638987191997,-2.3356508395980855
0.4676721558646432,8.586863208135167,14.723207225654624,-22.79356990554144,0.5709832718218871,-2.3494972658724036
0.4500050457397381,8.698445476492425,14.614391758299481,-22.79257812523539,0.5553845105876672,-2.3608510893328485
0.43765114009056366,8.804311690556153,14.495554017143565,-22.776104354165433,0.5443684939093352,-2.3705058486561947
0.4290926008455425,8.90539934870436,14.36729705093319,-22.745616973159454,0.5366164478472609,-2.378986474084962
0.4232915019217185,9.002691560146928,14.229978130480767,-22.70239614457456,0.5312291210995713,-2.3866427231597305
0.4195425943028984,9.097200160792092,14.083667149347894,-22.64747143980015,0.5275966595810991,-2.3937126917458493
0.41737025013713225,9.189958680106404,13.928099641433192,-22.581563908095532,0.5253081043426054,-2.400363207731046
0.41646054155773315,9.28202846941764,13.762628205345864,-22.505039593883424,0.5240919279673819,-2.4067155766288106
0.41661867642182016,9.374516368375618,13.586173887459013,-22.417873904878448,0.5237787473547396,-2.412862628758113
0.4177449964045829,9.468595035636179,13.397191172968435,-22.319630754177442,0.5242800946652421,-2.4188809273251413
0.41982553813525275,9.565501209324601,13.193701884422786,-22.209485840281502,0.5255796034959312,-2.4248407657758104
0.42293437026583197,9.666445965935942,12.973565746630891,-22.086394736520745,0.5277340385387249,-2.4308157708866514
0.42724130016369355,9.772276665129286,12.735411002556072,-21.94967038145877,0.5308786095159682,-2.4368922200249385
0.4330012978691872,9.88260992235819,12.480972647781739,-21.800451099737252,0.5352168236185267,-2.4431715248006936
0.44046859877161026,9.994459941233924,12.218762870820136,-21.644053563220414,0.5409481537128016,-2.4497418089070897
0.44971742500611234,10.102175859125706,11.964192255770195,-21.4901824274755,0.5481204636350372,-2.456592583276163
0.460590100862662,10.201008032209824,11.729979604897666,-21.34700108012458,0.556590276635918,-2.4635517429161204
0.47291498719144737,10.289964100679127,11.518607120397014,-21.216287096900523,0.5662040107712202,-2.4703698986049845
0.48665752688553854,10.37025912095383,11.326591119328667,-21.095987062334558,0.5769206977692406,-2.4768240253484994
0.5019054223098453,10.443418740569514,11.149580118482392,-20.983403699559087,0.5887978210358683,-2.4827289453818038
0.5188298941637377,10.510674860441162,10.983960822964464,-20.876231418621618,0.6019581772815078,-2.487913458705258
0.5376681477758211,10.572921288098673,10.826971584752116,-20.77265077599304,0.6165743935152054,-2.4921984818249086
0.5587215607817291,10.630786957820902,10.67651117608768,-20.671224590522773,0.6328662336800452,-2.495380165845702
0.5823626109296173,10.684712309510006,10.530950534336883,-20.57079396519593,0.6511047943322341,-2.497214797443083
0.6090469805105032,10.735012711223309,10.388995988991555,-20.47040986412761,0.6716205745811087,-2.497402982781323
0.6393283787504607,10.781934321692997,10.249599017953031,-20.3693023092019,0.694813381204016,-2.495571807749347
0.6738720380280036,10.825710995215298,10.11190206825101,-20.26688599414095,0.7211608944994655,-2.4912552371024836
0.7134570317383172,10.866629039876436,9.975212972372129,-20.162801556128706,0.751218405775238,-2.48387639941421
0.7589431691164713,10.905099422767053,9.83900249026763,-20.0569854811327,0.7855915764050542,-2.4727437120288314
0.8111478048309112,10.941717993264003,9.702916706339717,-19.949738037494335,0.8248417258342584,-2.457091734136808
0.8705308584443359,10.977257715946124,9.566785606423794,-19.841709407970544,0.8692492239972954,-2.436231851411529
0.9365803791375539,11.012505847356955,9.430594725480168,-19.733679409855416,0.9183588335486901,-2.40990348693007
1.0070419709118785,11.047942224252008,9.29439361028987,-19.6261101273824,0.9704208195798446,-2.3788100326954376
1.077799501029605,11.083555954497518,9.15818332761591,-19.5188505004713,1.022330561037256,-2.3449261292881025
1.1442909600687514,11.119197482742427,9.021898938353052,-19.411539324047265,1.0707049422325923,-2.3109280797300067
1.2035051628974491,11.15514444129987,8.885488540264731,-19.304329800582046,1.113359978643918,-2.2790116654938166
1.2545913213801307,11.192155613504909,8.748920016233713,-19.197956343108228,1.1497351134676208,-2.2502604610852015
1.2981068123328912,11.231098966458871,8.612082548744251,-19.093218411075384,1.1803109457852392,-2.22485659361821
1.3351314217907002,11.272659036814503,8.474705037047931,-18.990570418929856,1.205942330902371,-2.202532795528712
1.3667778437036306,11.317273474574778,8.33633991056826,-18.890030753637735,1.2274947323740701,-2.182879764642165
1.3940145759081752,11.365196822592681,8.196379832890756,-18.79126372252029,1.245715511527649,-2.1654872183071414
1.4176336854766172,11.41659123666941,8.054072756108873,-18.69368981496707,1.2612129742735438,-2.1499926916854593
1.4382683745797311,11.471602945704122,7.90852066881349,-18.596564809517695,1.2744718024641766,-2.136091261497566
1.4564214804471274,11.530418530134064,7.758658939605683,-18.499018165306705,1.285875975029205,-2.1235315299118134
1.4724918267900462,11.59330708270694,7.603216443843845,-18.400057307035713,1.2957296203546154,-2.112108143836621
1.4867949387899764,11.660655603763136,7.4406571796393015,-18.29854632286605,1.3042733840405547,-2.1016547162015797
1.4995775416916537,11.733002171190458,7.269106662221246,-18.193167281322463,1.3116960452355275,-2.09203867857603
1.5110255515389497,11.81106495593999,7.086278199938263,-18.082377590755016,1.3181413408313838,-2.083159075597129
1.5212643374070445,11.895749280751211,6.889452775509539,-17.964399288647876,1.3237093240030369,-2.0749487931644817
1.5303484343948304,11.988073370612844,6.675675746252414,-17.837343174587012,1.3284504974450118,-2.0673839310130018
1.538237501622827,12.088855953950711,6.442595929485217,-17.699732761821195,1.3323506787457002,-2.060503902447202
1.544765690161299,12.197868845144184,6.190753618948515,-17.551927557735787,1.3353113776092034,-2.0544397865445947
1.5496574608867493,12.312392635044104,5.92749908448945,-17.39855156543917,1.3371607393544627,-2.049415637955556
1.5526958290033117,12.426861071775779,5.668013501933794,-17.249108716136952,1.3377650288478706,-2.0456386435723215
1.5539478557520274,12.536226646975571,5.426328170421107,-17.112410921071064,1.3371776574864622,-2.043122248406656
1.553679892667684,12.63920461544887,5.20664116222498,-16.991251333725778,1.3355830694091497,-2.041717887876586
1.5521091520524728,12.737026192574676,5.006638778508492,-16.884502145188925,1.3331328651276304,-2.041290776470537
1.5493188464808019,12.83147416969919,4.822730817650685,-16.79034865601961,1.3298905222038062,-2.041792780372541
1.5452701291898088,12.924186786611145,4.651917563036554,-16.707435201306932,1.3258403391638804,-2.043261551380661
1.539815958889084,13.016575458757055,4.492033910410236,-16.635017525581482,1.3208978687184105,-2.0458140433142233
1.532696425567103,13.109884807127672,4.341616534401054,-16.572886847567208,1.3149085114511032,-2.049651860479848
1.5235142837238662,13.205260403525639,4.199741662173802,-16.521274084684173,1.3076337746878732,-2.055080686362302
1.5116885373981905,13.303797254595418,4.065893991150358,-16.480765932098475,1.298724272006733,-2.06254594530324
1.4963798920830977,13.40656685858418,3.9398615105525203,-16.45222426199205,1.2876761465785427,-2.0726894644887213
1.47637761986743,13.514626570321347,3.8216408778313338,-16.436696031690403,1.273765206710328,-2.086434697057097
1.4499347269713236,13.629019625979241,3.7113419458560837,-16.435309061526652,1.2559518901309896,-2.1051091930282397
1.4145460605938993,13.750780140326079,3.609090413915964,-16.44916511845821,1.2327556959721548,-2.1306049681723755
1.3667188659493563,13.880954183079515,3.5149442812142353,-16.479256465147717,1.2021321569013257,-2.165530652952135
1.3020188797636916,14.020592281470943,3.428863777551022,-16.526408211754347,1.1615265858655082,-2.2131216771427904
1.2164400218905296,14.170442665700428,3.350804004938389,-16.591083822309916,1.1087286540680925,-2.2760856605613915
1.1115071223183433,14.329630006159968,3.2809709438469588,-16.672492949181684,1.044910790111314,-2.3525954051979605
1.002369300779427,14.4934618763422,3.219829570390805,-16.766792346348915,0.9792324036558757,-2.4303899678119607
0.9117358465409041,14.65516666583578,3.166865208410749,-16.86755518062517,0.9248819349508346,-2.49245112705629
0.8482018427659379,14.811448351046877,3.1198499917268094,-16.969748209925356,0.8864674993381558,-2.5336633063357232
0.8070600150970663,14.96218268793514,3.0763837699635967,-17.07078592560014,0.8609707365711858,-2.558686098639724
0.7816954741763207,15.107923356275407,3.0347080858421633,-17.169252279331083,0.8444492242919749,-2.5728435762399413
0.7673121643724155,15.24906519245936,2.9935806454074485,-17.264120971238835,0.8340967152986549,-2.5797072783655146
0.7608744763327158,15.385785303978432,2.952075752443621,-17.35451790301395,0.8281505012333632,-2.58142268143038
0.7605205431027335,15.51812378504025,2.909468630050923,-17.439673558020136,0.8255304126303363,-2.5792515641573313
0.7651241091086872,15.646056327192195,2.8651759569488897,-17.518923806108425,0.8255783903735958,-2.573925163381934
0.7740262789210735,15.769542897143603,2.818725208323451,-17.591719919888323,0.8279011273446857,-2.565845050128117
0.7868772589751837,15.888558772067457,2.769738265832475,-17.65763843618835,0.8322778007536552,-2.555195112933006
0.8035421297954907,16.00311444461373,2.7179217501740505,-17.716388516594666,0.8386052606638813,-2.5420046126027414
0.8240425353121458,16.11326833702815,2.663059740982335,-17.767815512346957,0.8468641567681467,-2.5261846530479595
0.8485170887478652,16.219134177607433,2.6050061307298114,-17.81189924579923,0.8570961236160035,-2.507550964965644
0.8771886655764117,16.320883571280127,2.543674893221308,-17.84874539647984,0.8693854632842489,-2.4858416027118104
0.9103286304940068,16.418743594639658,2.479027528873892,-17.8785687107098,0.8838400700113835,-2.46073690677924
0.9482080094009763,16.5129890335083,2.4110580756563285,-17.90166764156975,0.9005665687444623,-2.4318896421567215
0.991025487112319,16.60392911716562,2.339777354411923,-17.918391495147063,0.919634752709364,-2.398974352596189
1.0388050147710242,16.691889417685477,2.265199355712629,-17.929103278074976,0.9410279435362379,-2.3617643964134616
1.0912667962105977,16.777191307743667,2.1873333259129284,-17.934144251496384,0.9645812744827292,-2.320238628308992
1.1476991951078968,16.86013414839873,2.1061841053539,-17.933809067534963,0.9899213127950249,-2.2747021022139156
1.2068911536962927,16.94098794744991,2.021759458685726,-17.928340786781074,1.01643565352608,-2.2258769133836074
1.2671989207791052,17.02000289316805,1.9340772093571235,-17.917948853206227,1.0433076138518371,-2.174898232975461
1.32677790096854,17.097433671622323,1.8431616092636423,-17.902839524766012,1.06963023247039,-2.1231715297446367
1.3839110996405914,17.173565455529467,1.7490231070117255,-17.883237084796278,1.0945660474986727,-2.072122446373288
1.4372912398080329,17.24872703758168,1.6516262870700116,-17.85937909628269,1.117483576400205,-2.022945876913773
1.4861459994535848,17.3232879844276,1.550856943507946,-17.831487560801904,1.1380171773724725,-1.9764583319604956
1.5302011257766865,17.397648202654434,1.4464960147321002,-17.79973134685457,1.1560478215569736,-1.9330821875272526
1.5695519349269185,17.472229665190966,1.3382011351947185,-17.764193781498108,1.1716390561234333,-1.8929199718140244
1.6045187645497727,17.547474798601154,1.2254924357900894,-17.724850388718437,1.1849650935103053,-1.8558589957336629
1.635529077966588,17.623851343098167,1.1077390602457486,-17.681555213728917,1.1962520804518966,-1.8216660618848952
1.663037367219899,17.701861449008693,0.9841451701999432,-17.634032747928753,1.20573815614742,-1.7900570597252343
1.687477366257065,17.78205183396261,0.8537384842807708,-17.581874925632217,1.213649654895644,-1.7607418963545125
1.709236250089196,17.865019885966426,0.7153722971204608,-17.524548366685476,1.2201883499360924,-1.7334512499272334
1.7286412361301662,17.951405512806677,0.567767765478216,-17.461427767360213,1.225524964791062,-1.7079523632869456
1.7459514036410593,18.04184767179359,0.40965406545514804,-17.391891232538647,1.2297953623926152,-1.684059832168108
1.761350524688624,18.136866537298737,0.24011367137471773,-17.315544858264865,1.2330973047788627,-1.661645229875866
1.774941702277183,18.236619127739356,0.05927618234617124,-17.23266701099178,1.2354881411628837,-1.6406453283302393
1.7867545890775072,18.340527505204133,-0.13063542586907492,-17.14487616499517,1.2369886410819952,-1.6210598480231526
1.796786732276651,18.447009112947573,-0.324531478195643,-17.05563245767095,1.2376033701729,-1.602918995951959
1.805081858263273,18.553824904089677,-0.5153684394605926,-16.969685380992377,1.2373588130686803,-1.5862151485310914
1.8117818431386101,18.659122560311985,-0.6969829130987105,-16.89130702771894,1.2363284765852154,-1.570852096563489
1.8170880942632497,18.762187165517783,-0.8661727726058585,-16.82297395683072,1.23461407610076,-1.5566731202669437
1.821183042150334,18.863278230940537,-1.0223045243876379,-16.76558865906113,1.2323076693594484,-1.543529087306549
1.8241865852824286,18.963116098663996,-1.1659425341925371,-16.719323693320543,1.2294709204426775,-1.5313193186510132
1.8261495755812713,19.062532781659886,-1.2979032262898613,-16.68421072722957,1.2261323321507214,-1.51999991073748
1.8270600130754169,19.1623221952596,-1.4188484818128333,-16.660394474381647,1.2222906192122645,-1.509579850158441
1.8268488567037282,19.263190684309084,-1.5291626586533278,-16.648205261566456,1.2179179112936689,-1.5001166908665284
1.8253922848857669,19.36574160403789,-1.6289406459618747,-16.648155025051526,1.2129612910635337,-1.4917149509542238
1.8225109345099155,19.470464834687327,-1.7180123121489597,-16.66090165293319,1.2073429516850718,-1.4845269978460263
1.8179678903890395,19.577720363995017,-1.7959766463127496,-16.687197351128173,1.2009598415238567,-1.478754993332644
1.8114682137760107,19.68771255558749,-1.8622373335766624,-16.727826007420987,1.1936841202203952,-1.4746515250927266
1.802664506073836,19.8004547347512,-1.9160373432985818,-16.783531958161767,1.1853665037664047,-1.4725150373651046
1.7911758114160148,19.915724901826866,-1.9564912390157103,-16.854942961027135,1.1758457920444738,-1.472673733531915
1.7766308582434793,20.033013703957828,-1.982613982471048,-16.942490890040915,1.1649694087993994,-1.4754484632427527
1.758749187528617,20.151466252296558,-1.99334620802647,-17.046333360132614,1.1526306520863918,-1.4810830214402693
1.7374689088993043,20.269822365986137,-1.9875798158391291,-17.166278636967647,1.138825719225071,-1.4896346160318403
1.7131063385963745,20.386369379936205,-1.964193927871821,-17.301718358178324,1.1237225285816947,-1.5008375637720983
1.6864841722012798,20.498939035481836,-1.9221141170243679,-17.451583835466085,1.1077117618529388,-1.5139945878578818
1.6589204243979259,20.604992313231183,-1.8603944833758992,-17.61436278882466,1.091392648015954,-1.5279868757659296
1.6320106045512903,20.70181316796208,-1.7782856803847478,-17.788225503085528,1.0754674612615887,-1.5414583799286274
1.6072939480147754,20.786764814083135,-1.6752204501711614,-17.971280382611347,1.0605905441696333,-1.5530958748781056
1.5860181190016456,20.857508499305172,-1.550670223668347,-18.161914071389894,1.0472682158209887,-1.561824963876282
1.5691278847837788,20.912106932602008,-1.403888173360825,-18.359134987885508,1.0358605386419217,-1.5668196296837886
1.557401797599962,20.948999678801517,-1.233582024344406,-18.56286964190082,1.0266467521586236,-1.5673898073146553
1.5515639449737082,20.966878742576245,-1.0375369655616207,-18.774217458149028,1.0198788404855037,-1.5628875695593707
1.5522468919782175,20.964504515490642,-0.8121926002015518,-18.995696644145497,1.0157734593033605,-1.5527291430151
1.5598227242011016,20.940531805348904,-0.5522665074552326,-19.231460236341196,1.0144517963568862,-1.5365159368797359
1.5742472925674194,20.893603983797483,-0.2510329234204554,-19.487139621525998,1.0158860201579345,-1.514138611737419
1.5948971050208365,20.823777104820365,0.09605624128760526,-19.76766917595436,1.019841118976766,-1.4858957252341198
1.619789159815473,20.73811519577361,0.4770697820489478,-20.06842884810831,1.0255615834446496,-1.4531919823350048
1.6443595023646889,20.65814763367196,0.8444200979932694,-20.362928200730444,1.031252836486798,-1.4198211061672499
1.6645862613427798,20.60350163042511,1.1564155422015703,-20.6279503556114,1.035286280679317,-1.389554857778556
1.6803456427137797,20.574602845488513,1.418777515284368,-20.868953904424078,1.037569448390442,-1.3628693310761795
1.6925436399010347,20.567396196020145,1.6462185171045747,-21.096373871030593,1.0384305677861292,-1.3391726013858094
1.7017715315844928,20.579320253919384,1.8485260545613373,-21.317324413499513,1.038077284830021,-1.3180519316223236
1.7082605077856647,20.609081854616022,2.0316939992684326,-21.536399862310677,1.036571220534757,-1.299368634614491
1.7119642848954075,20.656039444071137,2.199509036831077,-21.756622643720537,1.0338563173207094,-1.2832054966000874
1.712639260302232,20.719751808938003,2.354469772521298,-21.979912618546912,1.0297894444081568,-1.2698030531334623
1.7099748244614943,20.799623879873398,2.4983253725724794,-22.207287150017557,1.02419781482171,-1.2594505766021473
1.703858574370818,20.89459730196433,2.6324506346569203,-22.438957593168624,1.0170037123183493,-1.252268117745218
1.6947913380935447,21.00290141630109,2.758162699661467,-22.674440761343597,1.0084247509287902,-1.2478726411978893
1.684180217853607,21.121975702228784,2.8769770390078433,-22.912774965635904,0.999119105428248,-1.2451470977739523
1.6740022221756732,21.24869951621575,2.990716695270817,-23.15285619760227,0.9900272983088886,-1.2425078599935113
1.6659176635316786,21.37982400108429,3.101444574827607,-23.3937538649674,0.9819433502679444,-1.2385965076541996
1.660713245718251,21.512260520059787,3.211324873265191,-23.63481198742889,0.9752414341230872,-1.2327063715564408
1.6584291723843372,21.64309097227534,3.3224986202610234,-23.87551750742633,0.969934619252949,-1.2246806111677881
1.6587202039618716,21.76945067792544,3.4369616711605997,-24.115260777462066,0.9658496591097658,-1.2146385346930522
1.661093560934191,21.88844622458029,3.5564385343698466,-24.35312225731212,0.9627437430780283,-1.2028042645029733
1.6649916246517944,21.997192589195365,3.6822858752516083,-24.587794684438414,0.9603464769683607,-1.1894599426064443
1.6697989663242914,22.092990191386367,3.8154645935430134,-24.817703584023796,0.9583646198099668,-1.1749598982484033
1.6748520462019945,22.173592300193462,3.9565967702536744,-25.041305848764893,0.9564863146599356,-1.1597400452918263
1.679505338189412,22.237452629890708,4.1060926236884665,-25.25745712681415,0.9544100412005269,-1.1442741357571755
1.6832557288523826,22.28383979197931,4.264312888120256,-25.465706502286828,0.9519002784343489,-1.1289723691007902
1.6858555342887975,22.31276829950908,4.4317388090458225,-25.666430925491802,0.9488392534830973,-1.1140796091306653
1.6873296101757116,22.32477676765723,4.609143699028179,-25.86081689840468,0.9452360375079691,-1.0996453777630073
1.6878918765008695,22.32063158491793,4.79777220976203,-26.05076324702312,0.9411894922237793,-1.0855747540888727
1.6878339441160235,22.30103297867587,4.999537575562056,-26.238792022070815,0.9368374589855332,-1.0717063406869454
1.6874504657708713,22.26636569232878,5.217254652002586,-26.42803170004494,0.9323221935838293,-1.0578674614473236
1.6870172149269094,22.216503904363385,5.45491827196587,-26.622294364714524,0.9277803739860058,-1.0438939403872656
1.6868122681323297,22.150696095316054,5.717938293429245,-26.826182244039465,0.9233543163984622,-1.0296233842063416
1.6871741831061278,22.067714658030763,6.012808825193477,-27.044876637691438,0.9192230083465489,-1.0148731148974828
1.6885971285198662,21.967023803728814,6.344181213644942,-27.282310126279548,0.9156548827262669,-0.9994175852730931
1.6917966831240598,21.852775093766777,6.704471956991987,-27.534651924815105,0.9130488941656866,-0.9830183932351613
1.6974209985775837,21.739057077874037,7.060089253626044,-27.78181924668911,0.9117834534494208,-0.9656027030357323
1.7054218499374003,21.640537016991548,7.3761844629359645,-28.00342808162625,0.9118575281221607,-0.9473418620804914
1.715413240163195,21.55873359079763,7.65198468430513,-28.2005346482492,0.9130646699321591,-0.928312610921132
1.7272693958145904,21.49009346683739,7.899037113120558,-28.38143677902861,0.9153320506959998,-0.9084138376097526
1.7410818038702467,21.4317745315437,8.126599022651504,-28.55272791236852,0.9187065654211638,-0.8874727549729989
1.7570415163209052,21.382061195795615,8.34096429631028,-28.719085470893003,0.9232912112113019,-0.865295908357385
1.7753591490820488,21.340010714812525,8.54654702900998,-28.884033415815576,0.9292003140500679,-0.841701975889402
1.7961775952423615,21.305158342219755,8.746638447516512,-29.050418983453927,0.9365102995852398,-0.8165703108392149
1.8194489330797283,21.27727186232566,8.943820211552413,-29.220586936056975,0.9451903261693348,-0.7899195252097189
1.8447850896243168,21.256057134909458,9.140139801166075,-29.39626688764635,0.9550181920487961,-0.7620064486992111
1.8713720393721542,21.240716358103615,9.337105862707777,-29.578143322416988,0.9655319389587186,-0.733380581247203
1.8981299033774968,21.22935525735018,9.535572406000469,-29.765182919270792,0.9761195342814937,-0.7047633108024873
1.924211075096003,21.218566742019455,9.735707008928468,-29.954232691231844,0.9862983061963522,-0.6766862454303643
1.949511974805445,21.203891472153447,9.937351793254049,-30.14085256564273,0.9960021966907201,-0.6491275895657015
1.9746901631619633,21.18127957064372,10.140755325049243,-30.32145072966612,1.0055920445239246,-0.6215195206540488
2.000780789195426,21.14829404332808,10.347092884738815,-30.494932402815536,1.0156413398597144,-0.5930457157084297
2.0289205441042486,21.1040519504918,10.558468191639419,-30.662622295665727,1.0267814041609835,-0.5628407901987088
2.0603425579812225,21.04842194150169,10.777737532429892,-30.827313109947287,1.039697542426561,-0.5299761054910519
2.0965357390113297,20.981269747579546,11.008505397050719,-30.992542110488174,1.0552172689698345,-0.4933221277559778
2.1395092048752806,20.901954543531208,11.255399785797563,-31.16239204381618,1.0744579565888606,-0.45133259794588054
2.192201765572829,20.808940706059186,11.524676625804434,-31.341735238453694,1.099056919861124,-0.40171263850837485
2.259135692039109,20.69934456437912,11.825262337644201,-31.53686079568575,1.1315414599887856,-0.34088048783744834
2.3473389538016827,20.56834401223674,12.170241574196627,-31.75643294490255,1.175858939251637,-0.26317545736048326
2.466520280084363,20.409191448087967,12.577037992690641,-32.01176548594112,1.2375179503186817,-0.16054685841613686
